1,Bạch tùng,Dacrycarpus imbricatus ,14.499769,108.576385,A1
2,Bạch tùng,Dacrycarpus imbricatus ,14.499799,108.576357,A1
3,Bạch tùng,Dacrycarpus imbricatus ,14.499337,108.576284,A1
4,Bạch tùng,Dacrycarpus imbricatus ,14.499328,108.576277,A1
5,Bạch tùng,Dacrycarpus imbricatus ,14.499651,108.576259,A1
6,Bạch tùng,Dacrycarpus imbricatus ,14.499441,108.576244,A1
7,Bạch tùng,Dacrycarpus imbricatus ,14.499477,108.576189,A1
8,Bạch tùng,Dacrycarpus imbricatus ,14.499442,108.576189,A1
9,Bạch tùng,Dacrycarpus imbricatus ,14.499428,108.576173,A1
10,Bạch tùng,Dacrycarpus imbricatus ,14.49957,108.576166,A1
11,Bạch tùng,Dacrycarpus imbricatus ,14.499448,108.576141,A1
12,Bạch tùng,Dacrycarpus imbricatus ,14.499708,108.576137,A1
13,Bạch tùng,Dacrycarpus imbricatus ,14.499599,108.576122,A1
14,Bạch tùng,Dacrycarpus imbricatus ,14.49942,108.576068,A1
15,Bạch tùng,Dacrycarpus imbricatus ,14.499314,108.576064,A1
16,Bạch tùng,Dacrycarpus imbricatus ,14.499534,108.576038,A1
17,Bạch tùng,Dacrycarpus imbricatus ,14.499561,108.576015,A1
18,Bạch tùng,Dacrycarpus imbricatus ,14.499416,108.576001,A1
19,Bạch tùng,Dacrycarpus imbricatus ,14.49963,108.575984,A1
20,Bạch tùng,Dacrycarpus imbricatus ,14.49962,108.575958,A1
21,Bạch tùng,Dacrycarpus imbricatus ,14.499604,108.575918,A1
22,Bạch tùng,Dacrycarpus imbricatus ,14.499354,108.575916,A1
23,Bạch tùng,Dacrycarpus imbricatus ,14.499225,108.575914,A1
24,Bạch tùng,Dacrycarpus imbricatus ,14.4995032,108.5758683,A1
25,Bứa lá nhỏ,Garcinia Sp,14.499806,108.576392,A2
26,Bứa lá nhỏ,Garcinia Sp,14.501686,108.576387,A2
27,Bứa lá nhỏ,Garcinia Sp,14.499376,108.575746,A2
28,Bứa lá nhỏ,Garcinia Sp,14.49934,108.575726,A2
29,Bứa lá nhỏ,Garcinia Sp,14.499408,108.575994,A2
30,Bứa lá nhỏ,Garcinia Sp,14.499276,108.575989,A2
31,Bứa lá nhỏ,Garcinia Sp,14.499951,108.575904,A2
32,Bứa lá nhỏ,Garcinia Sp,14.4997553,108.5758645,A2
33,Bứa lá nhỏ,Garcinia Sp,14.5001154,108.5758456,A2
34,Bứa lá nhỏ,Garcinia Sp,14.4997659,108.5758084,A2
35,Bứa lá nhỏ,Garcinia Sp,14.4997315,108.5756528,A2
36,Bùi,Ilex Sp,14.503472,108.576377,A3
37,Bùi,Ilex Sp,14.499502,108.576154,A3
38,Bùi,Ilex Sp,14.5000969,108.576022,A3
39,Bùi,Ilex Sp,14.49966,108.575958,A3
40,Búi lửa,Mastixia arborea ,14.4994115,108.5757849,A4
41,Cà đuối,Cryptocarya metcalfiana,14.499481,108.576286,A5
42,Cà đuối,Cryptocarya metcalfiana,14.499289,108.575722,A5
43,Cà đuối,Cryptocarya metcalfiana,14.5001755,108.5760561,A5
44,Cà đuối,Cryptocarya metcalfiana,14.5001643,108.5760045,A5
45,Cà đuối,Cryptocarya metcalfiana,14.5000947,108.575683,A5
46,Cà đuối,Cryptocarya metcalfiana,14.4997399,108.5756417,A5
47,Cà đuối,Cryptocarya metcalfiana,14.4993797,108.5755707,A5
48,Cà đuối,Cryptocarya metcalfiana,14.4995727,108.5754971,A5
49,Cám,Parinari annamensis ,14.499633,108.576149,A6
50,Chắp tay,Exbucklandia tonkinensis ,14.500001,108.576347,A7
51,Chắp tay,Exbucklandia tonkinensis ,14.499759,108.576065,A7
52,Chắp tay,Exbucklandia tonkinensis ,14.499534,108.576038,A7
53,Chắp tay,Exbucklandia tonkinensis ,14.5000233,108.5758191,A7
54,Chắp tay,Exbucklandia tonkinensis ,14.499435,108.5757502,A7
55,Chắp tay,Exbucklandia tonkinensis ,14.4999882,108.5755616,A7
56,Chắp xanh,Exbucklandia populnea ,14.501319,108.576424,A8
57,Chắp xanh,Exbucklandia populnea ,14.499237,108.57642,A8
58,Chắp xanh,Exbucklandia populnea ,14.49993,108.576383,A8
59,Chắp xanh,Exbucklandia populnea ,14.499966,108.57636,A8
60,Chắp xanh,Exbucklandia populnea ,14.499449,108.576349,A8
61,Chắp xanh,Exbucklandia populnea ,14.499669,108.576313,A8
62,Chắp xanh,Exbucklandia populnea ,14.500041,108.57626,A8
63,Chắp xanh,Exbucklandia populnea ,14.500088,108.576176,A8
64,Chắp xanh,Exbucklandia populnea ,14.499497,108.576147,A8
65,Chắp xanh,Exbucklandia populnea ,14.499852,108.576144,A8
66,Chắp xanh,Exbucklandia populnea ,14.499415,108.576133,A8
67,Chắp xanh,Exbucklandia populnea ,14.500113,108.576043,A8
68,Chắp xanh,Exbucklandia populnea ,14.499863,108.576028,A8
69,Chắp xanh,Exbucklandia populnea ,14.5000781,108.5760159,A8
70,Chắp xanh,Exbucklandia populnea ,14.5000006,108.5759722,A8
71,Chắp xanh,Exbucklandia populnea ,14.499621,108.575965,A8
72,Chắp xanh,Exbucklandia populnea ,14.5001236,108.5759468,A8
73,Chắp xanh,Exbucklandia populnea ,14.50013,108.5759347,A8
74,Chắp xanh,Exbucklandia populnea ,14.499877,108.57592,A8
75,Chắp xanh,Exbucklandia populnea ,14.499935,108.575893,A8
76,Chắp xanh,Exbucklandia populnea ,14.4997593,108.5758832,A8
77,Chắp xanh,Exbucklandia populnea ,14.4998023,108.5758624,A8
78,Chắp xanh,Exbucklandia populnea ,14.499494,108.575844,A8
79,Chắp xanh,Exbucklandia populnea ,14.4998955,108.5757849,A8
80,Chắp xanh,Exbucklandia populnea ,14.4997971,108.5756568,A8
81,Chắp xanh,Exbucklandia populnea ,14.4992647,108.5755307,A8
82,Chắp xanh lá to,Exbucklandia Sp,14.499669,108.576313,A9
83,Chẹo,Engelhardtia roxburghiana ,14.499872,108.576441,A10
84,Chẹo tía,Engelhardtia chrysolepis,14.499362,108.57611,A11
85,Chẹo tía,Engelhardtia chrysolepis,14.5000887,108.5756392,A11
86,Chò xót,Schima crenata,14.499936,108.576429,A12
87,Chò xót,Schima crenata,14.499658,108.576424,A12
88,Chò xót,Schima crenata,14.499755,108.576315,A12
89,Chò xót,Schima crenata,14.499747,108.576309,A12
90,Chò xót,Schima crenata,14.499999,108.576284,A12
91,Chò xót,Schima crenata,14.500099,108.576202,A12
92,Chò xót,Schima crenata,14.499906,108.576183,A12
93,Chò xót,Schima crenata,14.499852,108.576144,A12
94,Chò xót,Schima crenata,14.499724,108.576133,A12
95,Chò xót,Schima crenata,14.499371,108.576032,A12
96,Chò xót,Schima crenata,14.499934,108.576021,A12
97,Chò xót,Schima crenata,14.499495,108.575945,A12
98,Chò xót,Schima crenata,14.4997903,108.5758763,A12
99,Chò xót,Schima crenata,14.4996996,108.5757034,A12
100,Chò xót,Schima crenata,14.499258,108.5756695,A12
101,Chò xót,Schima crenata,14.4995053,108.5756644,A12
102,Chò xót,Schima crenata,14.4995063,108.5756568,A12
103,Chò xót,Schima crenata,14.4997261,108.5756521,A12
104,Chò xót,Schima crenata,14.4998808,108.5756019,A12
105,Chò xót,Schima crenata,14.4998983,108.5755556,A12
106,Chò xót,Schima crenata,14.499405,108.5755528,A12
107,Chò xót,Schima crenata,14.4994331,108.575528,A12
108,chôm chôm đỏ,Nephelium Sp ,14.499577,108.576365,A13
109,Chua ke,Microcos paniculata,14.499925,108.576372,A14
110,Cóc đá,Garuga pinnata ,14.500047,108.5759155,A15
111,Cóc đá,Garuga pinnata ,14.4998717,108.5758871,A15
112,Cóc đá,Garuga pinnata ,14.4998717,108.5758871,A15
113,Cóc đá,Garuga pinnata ,14.5000154,108.5758451,A15
114,Cóc đá,Garuga pinnata ,14.4997667,108.5758056,A15
115,Cóc đá,Garuga pinnata ,14.4996722,108.5758052,A15
116,Cóc đá,Garuga pinnata ,14.4997738,108.5757984,A15
117,Cóc đá,Garuga pinnata ,14.4996494,108.5757698,A15
118,Cóc đá,Garuga pinnata ,14.4999717,108.575659,A15
119,Cóc đá,Garuga pinnata ,14.49976676,108.5757676,A15
120,Cóc đá,Garuga pinnata ,14.4997054,108.5756417,A15
121,Cóc đá,Garuga pinnata ,14.4997332,108.5756415,A15
122,Cóc đá,Garuga pinnata ,14.4998539,108.5756397,A15
123,Cóc đá,Garuga pinnata ,14.5000544,108.575637,A15
124,Cóc đá,Garuga pinnata ,14.4993843,108.5756234,A15
125,Cóc đá,Garuga pinnata ,14.4992604,108.5755865,A15
126,Cóc đá,Garuga pinnata ,14.4995727,108.5754971,A15
127,Côm,Elaeocarpus Sp,14.499834,108.57636,A16
128,Côm,Elaeocarpus Sp,14.499366,108.57596,A16
129,Côm,Elaeocarpus Sp,14.499383,108.5758569,A16
130,Côm,Elaeocarpus Sp,14.4997478,108.5757708,A16
131,Côm,Elaeocarpus Sp,14.4998289,108.5756754,A16
132,Côm,Elaeocarpus Sp,14.4998394,108.5756656,A16
133,Côm,Elaeocarpus Sp,14.4999862,108.5756283,A16
134,Côm,Elaeocarpus Sp,14.4998602,108.5756034,A16
135,Côm,Elaeocarpus Sp,14.4999133,108.5755167,A16
136,Côm đăklăk,Elaeocarpus darlacensis,14.50001,108.576357,A17
137,Côm đăklăk,Elaeocarpus darlacensis,14.49931,108.576162,A17
138,Côm đăklăk,Elaeocarpus darlacensis,14.499851,108.576144,A17
139,Côm đăklăk,Elaeocarpus darlacensis,14.4997178,108.5756629,A17
140,Côm lá kèm,Elaeocarpus stipularis,14.499765,108.576422,A18
141,Côm lá kèm,Elaeocarpus stipularis,14.499302,108.5764,A18
142,Côm lá kèm,Elaeocarpus stipularis,14.499427,108.576372,A18
143,Côm lá kèm,Elaeocarpus stipularis,14.499345,108.576338,A18
144,Côm lá kèm,Elaeocarpus stipularis,14.499417,108.576299,A18
145,Côm lá kèm,Elaeocarpus stipularis,14.499572,108.576271,A18
146,Côm lá kèm,Elaeocarpus stipularis,14.499564,108.576197,A18
147,Côm lá kèm,Elaeocarpus stipularis,14.500117,108.576191,A18
148,Côm lá kèm,Elaeocarpus stipularis,14.499847,108.576172,A18
149,Côm lá kèm,Elaeocarpus stipularis,14.499285,108.576157,A18
150,Côm lá kèm,Elaeocarpus stipularis,14.499379,108.576152,A18
151,Côm lá kèm,Elaeocarpus stipularis,14.499894,108.576045,A18
152,Côm lá kèm,Elaeocarpus stipularis,14.5001153,108.5759302,A18
153,Côm lá kèm,Elaeocarpus stipularis,14.4998687,108.5757875,A18
154,Côm lá kèm,Elaeocarpus stipularis,14.4996824,108.5756875,A18
155,Côm lá kèm,Elaeocarpus stipularis,14.4992666,108.5756808,A18
156,Côm lá kèm,Elaeocarpus stipularis,14.4993622,108.57567,A18
157,Côm lá kèm,Elaeocarpus stipularis,14.4993099,108.575653,A18
158,Côm lá kèm,Elaeocarpus stipularis,14.4997899,108.5755657,A18
159,Côm trâu,Elaeocarpus sylvestris ,14.49985,108.576074,A19
160,Còng tía,Calophyllum saigonense,14.499707,108.57647,A20
161,Còng tía,Calophyllum saigonense,14.499357,108.576451,A20
162,Còng tía,Calophyllum saigonense,14.499644,108.576448,A20
163,Còng tía,Calophyllum saigonense,14.503367,108.576438,A20
164,Còng tía,Calophyllum saigonense,14.499727,108.57643,A20
165,Còng tía,Calophyllum saigonense,14.499734,108.576422,A20
166,Còng tía,Calophyllum saigonense,14.499765,108.576412,A20
167,Còng tía,Calophyllum saigonense,14.499786,108.576406,A20
168,Còng tía,Calophyllum saigonense,14.500001,108.576405,A20
169,Còng tía,Calophyllum saigonense,14.499352,108.576396,A20
170,Còng tía,Calophyllum saigonense,14.499379,108.576393,A20
171,Còng tía,Calophyllum saigonense,14.499858,108.576392,A20
172,Còng tía,Calophyllum saigonense,14.502178,108.576391,A20
173,Còng tía,Calophyllum saigonense,14.501686,108.576387,A20
174,Còng tía,Calophyllum saigonense,14.499356,108.576384,A20
175,Còng tía,Calophyllum saigonense,14.49979,108.57638,A20
176,Còng tía,Calophyllum saigonense,14.500153,108.576372,A20
177,Còng tía,Calophyllum saigonense,14.499992,108.576366,A20
178,Còng tía,Calophyllum saigonense,14.499379,108.576356,A20
179,Còng tía,Calophyllum saigonense,14.500005,108.576349,A20
180,Còng tía,Calophyllum saigonense,14.499411,108.576338,A20
181,Còng tía,Calophyllum saigonense,14.499345,108.576338,A20
182,Còng tía,Calophyllum saigonense,14.500398,108.576333,A20
183,Còng tía,Calophyllum saigonense,14.499733,108.576331,A20
184,Còng tía,Calophyllum saigonense,14.49983,108.576328,A20
185,Còng tía,Calophyllum saigonense,14.499699,108.576321,A20
186,Còng tía,Calophyllum saigonense,14.499588,108.576309,A20
187,Còng tía,Calophyllum saigonense,14.503647,108.576292,A20
188,Còng tía,Calophyllum saigonense,14.499521,108.576288,A20
189,Còng tía,Calophyllum saigonense,14.499641,108.576284,A20
190,Còng tía,Calophyllum saigonense,14.499198,108.575865,A20
191,Còng tía,Calophyllum saigonense,14.499377,108.575813,A20
192,Còng tía,Calophyllum saigonense,14.499301,108.575813,A20
193,Còng tía,Calophyllum saigonense,14.499278,108.575781,A20
194,Còng tía,Calophyllum saigonense,14.499287,108.575761,A20
195,Còng tía,Calophyllum saigonense,14.499278,108.575727,A20
196,Còng tía,Calophyllum saigonense,14.499291,108.575724,A20
197,Còng tía,Calophyllum saigonense,14.499856,108.576258,A20
198,Còng tía,Calophyllum saigonense,14.499856,108.576258,A20
199,Còng tía,Calophyllum saigonense,14.499455,108.576243,A20
200,Còng tía,Calophyllum saigonense,14.499949,108.576215,A20
201,Còng tía,Calophyllum saigonense,14.499363,108.5762,A20
202,Còng tía,Calophyllum saigonense,14.49984,108.576192,A20
203,Còng tía,Calophyllum saigonense,14.499707,108.576168,A20
204,Còng tía,Calophyllum saigonense,14.49931,108.576162,A20
205,Còng tía,Calophyllum saigonense,14.500142,108.576159,A20
206,Còng tía,Calophyllum saigonense,14.499633,108.576149,A20
207,Còng tía,Calophyllum saigonense,14.499881,108.576143,A20
208,Còng tía,Calophyllum saigonense,14.49938,108.576135,A20
209,Còng tía,Calophyllum saigonense,14.499905,108.576114,A20
210,Còng tía,Calophyllum saigonense,14.499407,108.576093,A20
211,Còng tía,Calophyllum saigonense,14.499635,108.576087,A20
212,Còng tía,Calophyllum saigonense,14.5000666,108.576072,A20
213,Còng tía,Calophyllum saigonense,14.499227,108.576069,A20
214,Còng tía,Calophyllum saigonense,14.500094,108.5760666,A20
215,Còng tía,Calophyllum saigonense,14.499365,108.576017,A20
216,Còng tía,Calophyllum saigonense,14.49993,108.576015,A20
217,Còng tía,Calophyllum saigonense,14.5001643,108.5760045,A20
218,Còng tía,Calophyllum saigonense,14.499416,108.576001,A20
219,Còng tía,Calophyllum saigonense,14.499606,108.575996,A20
220,Còng tía,Calophyllum saigonense,14.499429,108.575996,A20
221,Còng tía,Calophyllum saigonense,14.499739,108.575991,A20
222,Còng tía,Calophyllum saigonense,14.499739,108.575991,A20
223,Còng tía,Calophyllum saigonense,14.499528,108.575987,A20
224,Còng tía,Calophyllum saigonense,14.499424,108.575983,A20
225,Còng tía,Calophyllum saigonense,14.499364,108.575972,A20
226,Còng tía,Calophyllum saigonense,14.49966,108.575958,A20
227,Còng tía,Calophyllum saigonense,14.499345,108.575958,A20
228,Còng tía,Calophyllum saigonense,14.499477,108.575924,A20
229,Còng tía,Calophyllum saigonense,14.499855,108.575923,A20
230,Còng tía,Calophyllum saigonense,14.499766,108.57592,A20
231,Còng tía,Calophyllum saigonense,14.499355,108.575914,A20
232,Còng tía,Calophyllum saigonense,14.499352,108.575911,A20
233,Còng tía,Calophyllum saigonense,14.499794,108.575905,A20
234,Còng tía,Calophyllum saigonense,14.499693,108.575902,A20
235,Còng tía,Calophyllum saigonense,14.499957,108.575898,A20
236,Còng tía,Calophyllum saigonense,14.500015,108.5758952,A20
237,Còng tía,Calophyllum saigonense,14.5000758,108.5758935,A20
238,Còng tía,Calophyllum saigonense,14.499922,108.575884,A20
239,Còng tía,Calophyllum saigonense,14.49929,108.575883,A20
240,Còng tía,Calophyllum saigonense,14.49929,108.575883,A20
241,Còng tía,Calophyllum saigonense,14.49976,108.575879,A20
242,Còng tía,Calophyllum saigonense,14.4997553,108.5758645,A20
243,Còng tía,Calophyllum saigonense,14.499376,108.5758564,A20
244,Còng tía,Calophyllum saigonense,14.4993888,108.5758532,A20
245,Còng tía,Calophyllum saigonense,14.499352,108.5758489,A20
246,Còng tía,Calophyllum saigonense,14.5000061,108.5758439,A20
247,Còng tía,Calophyllum saigonense,14.4999738,108.5758327,A20
248,Còng tía,Calophyllum saigonense,14.4996898,108.5758309,A20
249,Còng tía,Calophyllum saigonense,14.4995613,108.5758284,A20
250,Còng tía,Calophyllum saigonense,14.49943,108.57582,A20
251,Còng tía,Calophyllum saigonense,14.4996958,108.5758176,A20
252,Còng tía,Calophyllum saigonense,14.4997657,108.5758048,A20
253,Còng tía,Calophyllum saigonense,14.4997657,108.5758046,A20
254,Còng tía,Calophyllum saigonense,14.499418,108.5757971,A20
255,Còng tía,Calophyllum saigonense,14.4996614,108.575784,A20
256,Còng tía,Calophyllum saigonense,14.4998867,108.5757819,A20
257,Còng tía,Calophyllum saigonense,14.4996815,108.5757771,A20
258,Còng tía,Calophyllum saigonense,14.4996519,108.5757589,A20
259,Còng tía,Calophyllum saigonense,14.500013,108.5757337,A20
260,Còng tía,Calophyllum saigonense,14.499975,108.5757252,A20
261,Còng tía,Calophyllum saigonense,14.5000226,108.5757173,A20
262,Còng tía,Calophyllum saigonense,14.4993785,108.5756979,A20
263,Còng tía,Calophyllum saigonense,14.5000132,108.5756936,A20
264,Còng tía,Calophyllum saigonense,14.4999906,108.5756907,A20
265,Còng tía,Calophyllum saigonense,14.4994921,108.5756901,A20
266,Còng tía,Calophyllum saigonense,14.4999386,108.5756893,A20
267,Còng tía,Calophyllum saigonense,14.4999386,108.5756893,A20
268,Còng tía,Calophyllum saigonense,14.4998376,108.5756747,A20
269,Còng tía,Calophyllum saigonense,14.4999771,108.5756499,A20
270,Còng tía,Calophyllum saigonense,14.4996669,108.5756498,A20
271,Còng tía,Calophyllum saigonense,14.499847,108.5756481,A20
272,Còng tía,Calophyllum saigonense,14.499943,108.5756478,A20
273,Còng tía,Calophyllum saigonense,14.4999863,108.5756462,A20
274,Còng tía,Calophyllum saigonense,14.4998395,108.5756456,A20
275,Còng tía,Calophyllum saigonense,14.4997019,108.5756371,A20
276,Còng tía,Calophyllum saigonense,14.4994314,108.575623,A20
277,Còng tía,Calophyllum saigonense,14.4997121,108.5755998,A20
278,Còng tía,Calophyllum saigonense,14.5000483,108.5755948,A20
279,Còng tía,Calophyllum saigonense,14.5001336,108.57558,A20
280,Còng tía,Calophyllum saigonense,14.4992555,108.5755647,A20
281,Còng tía,Calophyllum saigonense,14.4997533,108.5755613,A20
282,Còng tía,Calophyllum saigonense,14.4996565,108.5755587,A20
283,Còng tía,Calophyllum saigonense,14.4998983,108.5755556,A20
284,Còng tía,Calophyllum saigonense,14.4997781,108.5755552,A20
285,Còng tía,Calophyllum saigonense,14.4998333,108.5755495,A20
286,Còng tía,Calophyllum saigonense,14.4996052,108.5755352,A20
287,Còng tía,Calophyllum saigonense,14.4996199,108.5755164,A20
288,Còng tía,Calophyllum saigonense,14.4993533,108.5754748,A20
289,Đa hương,Sp1,14.499278,108.576399,A21
290,Đa hương,Sp1,14.499314,108.576393,A21
291,Đa hương,Sp1,14.499397,108.576386,A21
292,Đa hương,Sp1,14.499309,108.575835,A21
293,Đa hương,Sp1,14.499198,108.575825,A21
294,Đa hương,Sp1,14.499343,108.575768,A21
295,Đa hương,Sp1,14.49921,108.575756,A21
296,Đa hương,Sp1,14.499597,108.576255,A21
297,Đa hương,Sp1,14.499919,108.57623,A21
298,Đa hương,Sp1,14.499396,108.576207,A21
299,Đa hương,Sp1,14.499424,108.576147,A21
300,Đa hương,Sp1,14.49938,108.576135,A21
301,Đa hương,Sp1,14.499363,108.576112,A21
302,Đa hương,Sp1,14.499464,108.576081,A21
303,Đa hương,Sp1,14.499228,108.576055,A21
304,Đa hương,Sp1,14.499517,108.576044,A21
305,Đa hương,Sp1,14.499369,108.576014,A21
306,Đa hương,Sp1,14.499546,108.57595,A21
307,Đa hương,Sp1,14.499334,108.575915,A21
308,Đa hương,Sp1,14.499688,108.575907,A21
309,Đa hương,Sp1,14.4994866,108.5758412,A21
310,Đa hương,Sp1,14.5000233,108.5758191,A21
311,Đa hương,Sp1,14.499494,108.5757929,A21
312,Đa hương,Sp1,14.4997186,108.5757858,A21
313,Đa hương,Sp1,14.4995382,108.5757843,A21
314,Đa hương,Sp1,14.4994353,108.5757812,A21
315,Đa hương,Sp1,14.4992829,108.5756876,A21
316,Đa hương,Sp1,14.5000947,108.575683,A21
317,Đa hương,Sp1,14.4994358,108.5756781,A21
318,Đa hương,Sp1,14.4994358,108.5756781,A21
319,Đa hương,Sp1,14.5000366,108.5756674,A21
320,Đa hương,Sp1,14.499943,108.5756478,A21
321,Đa hương,Sp1,14.4997121,108.5755998,A21
322,Đa hương,Sp1,14.5001024,108.5755643,A21
323,Đa hương,Sp1,14.499508,108.5755324,A21
324,Dâu da đất,Baccaurea ramiflora ,14.4999,108.576561,A22
325,Dâu da đất,Baccaurea ramiflora ,14.499214,108.575767,A22
326,Dâu da đất,Baccaurea ramiflora ,14.499322,108.575766,A22
327,Dâu da đất,Baccaurea ramiflora ,14.499978,108.576256,A22
328,Dâu da đất,Baccaurea ramiflora ,14.49971,108.57617,A22
329,Dâu da đất,Baccaurea ramiflora ,14.499964,108.576166,A22
330,Dâu da đất,Baccaurea ramiflora ,14.499755,108.576068,A22
331,Dâu da đất,Baccaurea ramiflora ,14.4999665,108.5760457,A22
332,Dâu da đất,Baccaurea ramiflora ,14.5000543,108.5760021,A22
333,Dâu da đất,Baccaurea ramiflora ,14.499618,108.575881,A22
334,Dâu da đất,Baccaurea ramiflora ,14.4995164,108.5758142,A22
335,Dâu da đất,Baccaurea ramiflora ,14.4994948,108.5757833,A22
336,Dâu da đất,Baccaurea ramiflora ,14.499706,108.5757025,A22
337,Dâu da đất,Baccaurea ramiflora ,14.4994358,108.5756781,A22
338,Dâu da đất,Baccaurea ramiflora ,14.4995119,108.5756635,A22
339,Dâu da đất,Baccaurea ramiflora ,14.4993026,108.575651,A22
340,Dâu da đất,Baccaurea ramiflora ,14.4992602,108.5755876,A22
341,Dâu da đất,Baccaurea ramiflora ,14.4992151,108.5755661,A22
342,Dâu móc,Baccaurea Sp ,14.499382,108.576388,A23
343,Dẻ gai lá to,Castanopsis Sp,14.499876,108.576144,A24
344,Dẻ mũi mác,Castanopsis Sp,14.4998756,108.5758375,A25
345,Dẻ mũi mác,Castanopsis Sp,14.4999056,108.5755205,A25
346,Dẻ the,Lithocarpus magneinii ,14.499978,108.576035,A26
347,Dẻ the,Lithocarpus magneinii ,14.4998455,108.5758788,A26
348,Dung,Syplocos racemosa ,14.499655,108.576435,A27
349,Dung,Syplocos racemosa ,14.499904,108.576424,A27
350,Dung,Syplocos racemosa ,14.499652,108.576402,A27
351,Dung,Syplocos racemosa ,14.499588,108.576309,A27
352,Dung,Syplocos racemosa ,14.499401,108.57628,A27
353,Dung,Syplocos racemosa ,14.499313,108.575855,A27
354,Dung,Syplocos racemosa ,14.499349,108.575724,A27
355,Dung,Syplocos racemosa ,14.50004,108.576257,A27
356,Dung,Syplocos racemosa ,14.499326,108.576177,A27
357,Dung,Syplocos racemosa ,14.499286,108.57617,A27
358,Dung,Syplocos racemosa ,14.499708,108.57612,A27
359,Dung,Syplocos racemosa ,14.49923,108.576055,A27
360,Dung,Syplocos racemosa ,14.499593,108.576046,A27
361,Dung,Syplocos racemosa ,14.5000637,108.5760009,A27
362,Dung,Syplocos racemosa ,14.4999802,108.5759675,A27
363,Dung,Syplocos racemosa ,14.5001236,108.5759468,A27
364,Dung,Syplocos racemosa ,14.49949,108.575944,A27
365,Dung,Syplocos racemosa ,14.499627,108.57593,A27
366,Dung,Syplocos racemosa ,14.499547,108.575928,A27
367,Dung,Syplocos racemosa ,14.499352,108.575911,A27
368,Dung,Syplocos racemosa ,14.4997186,108.5757858,A27
369,Dung,Syplocos racemosa ,14.4995889,108.5756705,A27
370,Dung,Syplocos racemosa ,14.4999785,108.5755766,A27
371,Dung lá lớn,Sp2,14.499655,108.576361,A28
372,Găng,Sp3,14.499993,108.576363,A29
373,Găng gai,Canthium horrium,14.499505,108.576384,A30
374,Găng gai,Canthium horrium,14.499675,108.576365,A30
375,Găng gai,Canthium horrium,14.499749,108.576347,A30
376,Găng gai,Canthium horrium,14.499739,108.576307,A30
377,Găng gai,Canthium horrium,14.499644,108.576298,A30
378,Găng gai,Canthium horrium,14.499922,108.576153,A30
379,Găng gai,Canthium horrium,14.4995637,108.5758356,A30
380,Găng gai,Canthium horrium,14.4998266,108.5756896,A30
381,Găng gai,Canthium horrium,14.4995053,108.5756644,A30
382,Găng gai,Canthium horrium,14.4995419,108.575608,A30
383,Găng gai,Canthium horrium,14.4992647,108.5755307,A30
384,Gáo,Neolamarckia cadamba,14.499631,108.575984,A31
385,Giang quảng đông,Sp4,14.499536,108.576122,A32
386,Giang quảng đông,Sp4,14.5000233,108.5758191,A32
387,Giổi nhung,Michelia faveolata,14.499644,108.576088,A33
388,Giổi nhung,Michelia faveolata,14.4998888,108.5755815,A33
389,Giổi xanh,Magnolia mediocris ,14.501043,108.576435,A34
390,Giổi xanh,Magnolia mediocris ,14.499607,108.576387,A34
391,Giổi xanh,Magnolia mediocris ,14.499675,108.576365,A34
392,Giổi xanh,Magnolia mediocris ,14.499335,108.576358,A34
393,Giổi xanh,Magnolia mediocris ,14.4999,108.576343,A34
394,Giổi xanh,Magnolia mediocris ,14.499928,108.576322,A34
395,Giổi xanh,Magnolia mediocris ,14.499572,108.576271,A34
396,Giổi xanh,Magnolia mediocris ,14.499265,108.575854,A34
397,Giổi xanh,Magnolia mediocris ,14.499393,108.575851,A34
398,Giổi xanh,Magnolia mediocris ,14.499447,108.576192,A34
399,Giổi xanh,Magnolia mediocris ,14.499468,108.576156,A34
400,Giổi xanh,Magnolia mediocris ,14.500192,108.576064,A34
401,Giổi xanh,Magnolia mediocris ,14.5000956,108.5760415,A34
402,Giổi xanh,Magnolia mediocris ,14.5000848,108.5760285,A34
403,Giổi xanh,Magnolia mediocris ,14.500074,108.5760155,A34
404,Giổi xanh,Magnolia mediocris ,14.499411,108.575997,A34
405,Giổi xanh,Magnolia mediocris ,14.499276,108.575989,A34
406,Giổi xanh,Magnolia mediocris ,14.499734,108.575931,A34
407,Giổi xanh,Magnolia mediocris ,14.499623,108.575922,A34
408,Giổi xanh,Magnolia mediocris ,14.499976,108.575897,A34
409,Giổi xanh,Magnolia mediocris ,14.5000216,108.5758398,A34
410,Giổi xanh,Magnolia mediocris ,14.5000287,108.5758112,A34
411,Giổi xanh,Magnolia mediocris ,14.4996775,108.5758036,A34
412,Giổi xanh,Magnolia mediocris ,14.4994286,108.5757623,A34
413,Giổi xanh,Magnolia mediocris ,14.5001109,108.5757566,A34
414,Giổi xanh,Magnolia mediocris ,14.500013,108.5757337,A34
415,Giổi xanh,Magnolia mediocris ,14.4994921,108.5756901,A34
416,Giổi xanh,Magnolia mediocris ,14.4997535,108.5756831,A34
417,Giổi xanh,Magnolia mediocris ,14.499501,108.5756604,A34
418,Giổi xanh,Magnolia mediocris ,14.4992552,108.5756491,A34
419,Giổi xanh,Magnolia mediocris ,14.499838,108.5755765,A34
420,Giổi xanh,Magnolia mediocris ,14.4995984,108.5755472,A34
421,Gò đồng nách,Gordonia axillaris,14.499312,108.576382,A35
422,Gò đồng nách,Gordonia axillaris,14.499319,108.576184,A35
423,Gò đồng nách,Gordonia axillaris,14.5001154,108.5758456,A35
424,Gò đồng nách,Gordonia axillaris,14.4996246,108.5757704,A35
425,Gò đồng nách,Gordonia axillaris,14.5001193,108.5757687,A35
426,Gội nếp,Aglaia spectabilis,14.4999382,108.5758197,A36
427,Gội nếp,Aglaia spectabilis,14.4997047,108.5757752,A36
428,Gội nếp,Aglaia spectabilis,14.5000289,108.5756865,A36
429,Gội nếp,Aglaia spectabilis,14.4993771,108.5756242,A36
430,Gội nếp,Aglaia spectabilis,14.4992231,108.5756167,A36
431,Gội nếp,Aglaia spectabilis,14.4993643,108.5755551,A36
432,Gội tẻ,Aglaia sp,14.499728,108.576431,A37
433,Gội tẻ,Aglaia sp,14.503367,108.576278,A37
434,Gội tẻ,Aglaia sp,14.499218,108.57611,A37
435,Gội tẻ,Aglaia sp,14.499593,108.576046,A37
436,Gội tẻ,Aglaia sp,14.499548,108.575892,A37
437,Gội tẻ,Aglaia sp,14.499982,108.575886,A37
438,Gội tẻ,Aglaia sp,14.499238,108.575873,A37
439,Gội tẻ,Aglaia sp,14.4996813,108.5758005,A37
440,Hoa khế,Craibiodendron scleranthum ,14.499939,108.576421,A38
441,Hoa khế,Craibiodendron scleranthum ,14.499609,108.576212,A38
442,Hoa khế,Craibiodendron scleranthum ,14.4998798,108.575813,A38
443,Hoắc quang,Wendlandia glabrata ,14.499474,108.576369,A39
444,Hoắc quang,Wendlandia glabrata ,14.499474,108.576369,A39
445,Hoắc quang,Wendlandia glabrata ,14.499467,108.57636,A39
446,Hoắc quang,Wendlandia glabrata ,14.499341,108.576323,A39
447,Hoắc quang,Wendlandia glabrata ,14.499499,108.5763,A39
448,Hoắc quang,Wendlandia glabrata ,14.499949,108.576215,A39
449,Hoắc quang,Wendlandia glabrata ,14.500099,108.576202,A39
450,Hoắc quang,Wendlandia glabrata ,14.500157,108.576078,A39
451,Hoắc quang,Wendlandia glabrata ,14.499449,108.576011,A39
452,Hoắc quang,Wendlandia glabrata ,14.5000624,108.5759945,A39
453,Hoắc quang,Wendlandia glabrata ,14.499979,108.5759713,A39
454,Hoắc quang,Wendlandia glabrata ,14.499982,108.575886,A39
455,Hoắc quang,Wendlandia glabrata ,14.4997185,108.5756768,A39
456,Hoắc quang,Wendlandia glabrata ,14.4997019,108.5756371,A39
457,Hồng,Diospyros kaki ,14.4998289,108.5756754,A40
458,Hồng bì rừng,Clausena excavata ,14.499431,108.5756124,A41
459,Hồng tùng,Dacrydium elatum ,14.499346,108.576379,A42
460,Hồng tùng,Dacrydium elatum ,14.499685,108.576358,A42
461,Hồng tùng,Dacrydium elatum ,14.499307,108.576339,A42
462,Hồng tùng,Dacrydium elatum ,14.499217,108.575825,A42
463,Hồng tùng,Dacrydium elatum ,14.499443,108.575812,A42
464,Hồng tùng,Dacrydium elatum ,14.499653,108.576271,A42
465,Hồng tùng,Dacrydium elatum ,14.499653,108.576271,A42
466,Hồng tùng,Dacrydium elatum ,14.49976,108.576245,A42
467,Hồng tùng,Dacrydium elatum ,14.499626,108.576217,A42
468,Hồng tùng,Dacrydium elatum ,14.499853,108.576214,A42
469,Hồng tùng,Dacrydium elatum ,14.499436,108.576136,A42
470,Hồng tùng,Dacrydium elatum ,14.49991,108.576129,A42
471,Hồng tùng,Dacrydium elatum ,14.499599,108.576122,A42
472,Hồng tùng,Dacrydium elatum ,14.499725,108.576116,A42
473,Hồng tùng,Dacrydium elatum ,14.499835,108.576072,A42
474,Hồng tùng,Dacrydium elatum ,14.499755,108.576068,A42
475,Hồng tùng,Dacrydium elatum ,14.499884,108.576053,A42
476,Hồng tùng,Dacrydium elatum ,14.499877,108.57592,A42
477,Hồng tùng,Dacrydium elatum ,14.499754,108.575908,A42
478,Hồng tùng,Dacrydium elatum ,14.499688,108.575907,A42
479,Hồng tùng,Dacrydium elatum ,14.499749,108.575876,A42
480,Hồng tùng,Dacrydium elatum ,14.4997594,108.5758703,A42
481,Hồng tùng,Dacrydium elatum ,14.4999983,108.5758625,A42
482,Hồng tùng,Dacrydium elatum ,14.4997081,108.5758606,A42
483,Hồng tùng,Dacrydium elatum ,14.4997004,108.5758524,A42
484,Hồng tùng,Dacrydium elatum ,14.4994985,108.5758469,A42
485,Hồng tùng,Dacrydium elatum ,14.4995151,108.5758423,A42
486,Hồng tùng,Dacrydium elatum ,14.4995613,108.5758284,A42
487,Hồng tùng,Dacrydium elatum ,14.4995634,108.5758277,A42
488,Hồng tùng,Dacrydium elatum ,14.4996583,108.5758249,A42
489,Hồng tùng,Dacrydium elatum ,14.49943,108.57582,A42
490,Hồng tùng,Dacrydium elatum ,14.4997738,108.5757984,A42
491,Hồng tùng,Dacrydium elatum ,14.4994888,108.5757937,A42
492,Hồng tùng,Dacrydium elatum ,14.5000328,108.5756975,A42
493,Hồng tùng,Dacrydium elatum ,14.4992378,108.5756882,A42
494,Hồng tùng,Dacrydium elatum ,14.4998543,108.5756375,A42
495,Hồng tùng,Dacrydium elatum ,14.4998333,108.5755495,A42
496,Hồng tùng,Dacrydium elatum ,14.4999056,108.5755205,A42
497,Kháo,Symplocos ferruguinea,14.499349,108.575712,A43
498,Kháo,Symplocos ferruguinea,14.499944,108.576015,A43
499,Kháo,Symplocos ferruguinea,14.499745,108.575983,A43
500,Kháo,Symplocos ferruguinea,14.499486,108.575946,A43
501,Kháo,Symplocos ferruguinea,14.4995047,108.575867,A43
502,Kháo,Symplocos ferruguinea,14.499967,108.5758087,A43
503,Kháo,Symplocos ferruguinea,14.4998349,108.5756409,A43
504,Kháo,Symplocos ferruguinea,14.5000571,108.5755462,A43
505,Lấu,Psychotria Sp,14.499958,108.576426,A44
506,Liên đằng,Illigera Sp,14.499452,108.576365,A45
507,Liên đằng,Illigera Sp,14.49958,108.57623,A45
508,Mạ sưa,Helicia obovatifolia ,14.500259,108.576366,A46
509,Mạ sưa,Helicia obovatifolia ,14.499742,108.576163,A46
510,Mạ sưa,Helicia obovatifolia ,14.5000563,108.5760912,A46
511,Mạ sưa,Helicia obovatifolia ,14.499822,108.57604,A46
512,Mạ sưa,Helicia obovatifolia ,14.5000758,108.5758935,A46
513,Mãi táp,Aidia oxyodonta ,14.49989,108.576404,A47
514,Mãi táp,Aidia oxyodonta ,14.499712,108.576356,A47
515,Mãi táp,Aidia oxyodonta ,14.499946,108.576342,A47
516,Mãi táp,Aidia oxyodonta ,14.499548,108.576268,A47
517,Mãi táp,Aidia oxyodonta ,14.499949,108.576215,A47
518,Mãi táp,Aidia oxyodonta ,14.499832,108.576199,A47
519,Mãi táp,Aidia oxyodonta ,14.499844,108.576181,A47
520,Mãi táp,Aidia oxyodonta ,14.499589,108.576003,A47
521,Mãi táp,Aidia oxyodonta ,14.4994567,108.5759646,A47
522,Mãi táp,Aidia oxyodonta ,14.4999954,108.5758616,A47
523,Mãi táp,Aidia oxyodonta ,14.5000421,108.5758463,A47
524,Mãi táp,Aidia oxyodonta ,14.5001416,108.5758222,A47
525,Mãi táp,Aidia oxyodonta ,14.4998157,108.5757914,A47
526,Mãi táp,Aidia oxyodonta ,14.4997478,108.5757708,A47
527,Mãi táp,Aidia oxyodonta ,14.4997478,108.5757708,A47
528,Mãi táp,Aidia oxyodonta ,14.499706,108.5757025,A47
529,Mãi táp,Aidia oxyodonta ,14.4995889,108.5756705,A47
530,Mãi táp,Aidia oxyodonta ,14.4995053,108.5756527,A47
531,Mãi táp,Aidia oxyodonta ,14.4997019,108.5756371,A47
532,Mãi táp,Aidia oxyodonta ,14.4997864,108.5756282,A47
533,Mãi táp,Aidia oxyodonta ,14.4997173,108.5755914,A47
534,Mãi táp,Aidia oxyodonta ,14.5001024,108.5755643,A47
535,Mãi táp,Aidia oxyodonta ,14.4997185,108.5754828,A47
536,Mật sa,Meliosma sp,14.500014,108.576421,A48
537,Mật sa,Meliosma sp,14.499456,108.576116,A48
538,Mít rừng,Artocarpus styracifolius ,14.499316,108.575818,A49
539,Mít rừng,Artocarpus styracifolius ,14.499894,108.576169,A49
540,Nhàu,Morinda Sp,14.4996806,108.5757783,A50
541,Nhọc,Huberantha cerasoides,14.499286,108.57617,A51
542,Nhọc,Huberantha cerasoides,14.499631,108.576089,A51
543,Nhọc,Huberantha cerasoides,14.499898,108.575932,A51
544,Nhọc,Huberantha cerasoides,14.499374,108.575925,A51
545,Nhọc,Huberantha cerasoides,14.4996779,108.5757772,A51
546,Quế bạc,Cinnamomum mairei ,14.499553,108.576227,A52
547,Quế bạc,Cinnamomum mairei ,14.500088,108.576176,A52
548,Quế bạc,Cinnamomum mairei ,14.49931,108.576162,A52
549,Quế bạc,Cinnamomum mairei ,14.5000144,108.5759082,A52
550,Quế bạc,Cinnamomum mairei ,14.499502,108.575906,A52
551,Quế bạc,Cinnamomum mairei ,14.499405,108.5755528,A52
552,Ràng ràng mít,Ormosia balansae,14.5001153,108.5759292,A53
553,Sến,Madhuca Sp,14.499682,108.576443,A55
554,Sến,Madhuca Sp,14.499606,108.576255,A55
555,Sến,Madhuca Sp,14.499371,108.5762,A55
556,Sến,Madhuca Sp,14.499855,108.575923,A55
557,Sến,Madhuca Sp,14.4998272,108.5759158,A55
558,Sến,Madhuca Sp,14.4999664,108.5758947,A55
559,Sến,Madhuca Sp,14.499852,108.575828,A55
560,Sến,Madhuca Sp,14.4998459,108.5758176,A55
561,Sến,Madhuca Sp,14.5001088,108.5757984,A55
562,Sến,Madhuca Sp,14.5000041,108.5757819,A55
563,Sến,Madhuca Sp,14.4996801,108.5757708,A55
564,Sến,Madhuca Sp,14.4999887,108.5757503,A55
565,Sến,Madhuca Sp,14.499405,108.5755528,A55
566,Sến đất,Madhuca Sp,14.499428,108.576382,A56
567,Sến mủ,Madhuca Sp,14.500014,108.576432,A57
568,Sến mủ,Madhuca Sp,14.49969,108.576314,A57
569,Sến mủ,Madhuca Sp,14.49966,108.575968,A57
570,Sồi langbiang,Quercus langbianensis,14.499857,108.576063,A58
571,Sồi langbiang,Quercus langbianensis,14.4999656,108.5760448,A58
572,Sồi langbiang,Quercus langbianensis,14.5000226,108.5757173,A58
573,Sòi tía,Triadica cochinchinensis ,14.499612,108.576358,A59
574,Sòi tía,Triadica cochinchinensis ,14.499538,108.576352,A59
575,Sòi tía,Triadica cochinchinensis ,14.499932,108.576035,A59
576,Sòi tía,Triadica cochinchinensis ,14.4992483,108.5756889,A59
577,Sống rắn,Albizia corniculata ,14.499329,108.576074,A60
578,Sp,Sp,14.499386,108.576392,A61
579,Sp,Sp,14.499604,108.57638,A61
580,Sp,Sp,14.499815,108.576362,A61
581,Sp,Sp,14.499273,108.576332,A61
582,Sp,Sp,14.499233,108.575871,A61
583,sp,Sp,14.499274,108.575701,A61
584,Sp,Sp,14.499436,108.576249,A61
585,Sp,Sp,14.499932,108.576245,A61
586,Sp,Sp,14.500027,108.576239,A61
587,Sp,Sp,14.499833,108.576201,A61
588,Sp,Sp,14.499934,108.576194,A61
589,Sp,Sp,14.500117,108.576191,A61
590,Sp,Sp,14.499942,108.576178,A61
591,Sp,Sp,14.500104,108.576169,A61
592,Sp,Sp,14.500104,108.576168,A61
593,sp,Sp,14.499633,108.576149,A61
594,Sp,Sp,14.499875,108.576142,A61
595,Sp,Sp,14.49983,108.57612,A61
596,Sp,Sp,14.499725,108.576116,A61
597,Sp,Sp,14.500061,108.57611,A61
598,Sp,Sp,14.500061,108.57611,A61
599,Sp,Sp,14.499243,108.576054,A61
600,Sp,Sp,14.499242,108.576051,A61
601,Sp,Sp,14.499816,108.576045,A61
602,Sp,Sp,14.5000871,108.5760199,A61
603,sp,Sp,14.499528,108.576003,A61
604,Sp,Sp,14.5000048,108.5759791,A61
605,Sp,Sp,14.49937,108.575946,A61
606,Sp,Sp,14.5000139,108.5759451,A61
607,Sp,Sp,14.5001253,108.5759279,A61
608,Sp,Sp,14.499982,108.575898,A61
609,Sp,Sp,14.499878,108.575884,A61
610,Sp,Sp,14.4995047,108.57587,A61
611,Sp,Sp,14.4995636,108.5758284,A61
612,Sp,Sp,14.4997186,108.5757858,A61
613,Sp,Sp,14.4997186,108.5757858,A61
614,Sp,Sp,14.4994232,108.5757195,A61
615,sp,Sp,14.5000541,108.5756745,A61
616,Sp,Sp,14.4993727,108.5756407,A61
617,Sp,Sp,14.4994259,108.575599,A61
618,Sp,Sp,14.4998166,108.5755733,A61
619,Sụ,Alseodaphne Sp,14.49942,108.575997,A62
620,Sú hương,Lasianthus Sp,14.5001193,108.5757687,A63
621,Sụ thon,Lasianthus Sp,14.499218,108.57611,A64
622,Súm,Eurya Sp,14.499556,108.576445,A65
623,Súm,Eurya Sp,14.499569,108.576417,A65
624,Súm,Eurya Sp,14.499928,108.576379,A65
625,Súm,Eurya Sp,14.499371,108.5762,A65
626,Súm,Eurya Sp,14.499429,108.576175,A65
627,Súm,Eurya Sp,14.499751,108.576174,A65
628,Súm,Eurya Sp,14.49957,108.576166,A65
629,Súm,Eurya Sp,14.5001669,108.576048,A65
630,Súm,Eurya Sp,14.4999817,108.575959,A65
631,Súm,Eurya Sp,14.4999608,108.5758943,A65
632,Súm,Eurya Sp,14.499497,108.5758462,A65
633,Súm,Eurya Sp,14.5001107,108.5758017,A65
634,Súm,Eurya Sp,14.5000947,108.575683,A65
635,Sung rừng,Ficus hispida,14.5001089,108.575702,A66
636,Thẩu tấu,Aporosa dioica,14.499292,108.575839,A67
637,Thị rừng,Diospyros Sp,14.499626,108.576217,A68
638,Thị rừng,Diospyros Sp,14.4993857,108.5756848,A68
639,Thị rừng,Diospyros Sp,14.4994887,108.5756023,A68
640,Thị rừng,Diospyros Sp,14.4994024,108.5755867,A68
641,Thông nàng,Dacrycarpus imbricatus ,14.500104,108.576168,A69
642,Trâm,Syzygium cinereum ,14.499358,108.575829,A70
643,Trâm,Syzygium cinereum ,14.499166,108.575554,A70
644,Trâm,Syzygium cinereum ,14.4995613,108.5758284,A70
645,Trâm,Syzygium cinereum ,14.4994539,108.5757872,A70
646,Trám cạnh,Canarium Sp,14.49978,108.576388,A71
647,Trâm đỏ,Syzygium zeylanicum,14.499408,108.576458,A72
648,Trâm đỏ,Syzygium zeylanicum,14.500005,108.576413,A72
649,Trâm đỏ,Syzygium zeylanicum,14.499676,108.576386,A72
650,Trâm đỏ,Syzygium zeylanicum,14.499766,108.576378,A72
651,Trâm đỏ,Syzygium zeylanicum,14.499708,108.576376,A72
652,Trâm đỏ,Syzygium zeylanicum,14.499464,108.576302,A72
653,Trâm đỏ,Syzygium zeylanicum,14.499374,108.575801,A72
654,Trâm đỏ,Syzygium zeylanicum,14.49941,108.575743,A72
655,Trâm đỏ,Syzygium zeylanicum,14.500037,108.576247,A72
656,Trâm đỏ,Syzygium zeylanicum,14.499919,108.57623,A72
657,Trâm đỏ,Syzygium zeylanicum,14.49933,108.576187,A72
658,Trâm đỏ,Syzygium zeylanicum,14.499964,108.576166,A72
659,Trâm đỏ,Syzygium zeylanicum,14.499376,108.576154,A72
660,Trâm đỏ,Syzygium zeylanicum,14.49942,108.576068,A72
661,Trâm đỏ,Syzygium zeylanicum,14.499222,108.576057,A72
662,Trâm đỏ,Syzygium zeylanicum,14.5001813,108.5760568,A72
663,Trâm đỏ,Syzygium zeylanicum,14.5000718,108.5760409,A72
664,Trâm đỏ,Syzygium zeylanicum,14.499931,108.576034,A72
665,Trâm đỏ,Syzygium zeylanicum,14.5000877,108.5760211,A72
666,Trâm đỏ,Syzygium zeylanicum,14.499934,108.576021,A72
667,Trâm đỏ,Syzygium zeylanicum,14.499935,108.576015,A72
668,Trâm đỏ,Syzygium zeylanicum,14.500049,108.576007,A72
669,Trâm đỏ,Syzygium zeylanicum,14.499528,108.576003,A72
670,Trâm đỏ,Syzygium zeylanicum,14.499707,108.57597,A72
671,Trâm đỏ,Syzygium zeylanicum,14.499866,108.57596,A72
672,Trâm đỏ,Syzygium zeylanicum,14.4999835,108.575958,A72
673,Trâm đỏ,Syzygium zeylanicum,14.499543,108.575957,A72
674,Trâm đỏ,Syzygium zeylanicum,14.499559,108.575947,A72
675,Trâm đỏ,Syzygium zeylanicum,14.499877,108.57592,A72
676,Trâm đỏ,Syzygium zeylanicum,14.5000786,108.5758757,A72
677,Trâm đỏ,Syzygium zeylanicum,14.500064,108.5758669,A72
678,Trâm đỏ,Syzygium zeylanicum,14.49986193,108.5758477,A72
679,Trâm đỏ,Syzygium zeylanicum,14.4996583,108.5758249,A72
680,Trâm đỏ,Syzygium zeylanicum,14.4996468,108.5758233,A72
681,Trâm đỏ,Syzygium zeylanicum,14.500033,108.575803,A72
682,Trâm đỏ,Syzygium zeylanicum,14.4994927,108.5757929,A72
683,Trâm đỏ,Syzygium zeylanicum,14.4997971,108.5757842,A72
684,Trâm đỏ,Syzygium zeylanicum,14.499351,108.5756711,A72
685,Trâm đỏ,Syzygium zeylanicum,14.4994033,108.5755896,A72
686,Trâm đỏ,Syzygium zeylanicum,14.4992604,108.5755865,A72
687,Trâm đỏ,Syzygium zeylanicum,14.5001384,108.5755735,A72
688,Trâm đỏ,Syzygium zeylanicum,14.5001283,108.575551,A72
689,Trâm đỏ,Syzygium zeylanicum,14.4998315,108.5755442,A72
690,Trâm đỏ,Syzygium zeylanicum,14.4995727,108.5754971,A72
691,Trâm đỏ,Syzygium zeylanicum,14.4993685,108.5754754,A72
692,Trâm lá to,Syzygium cuminii ,14.499304,108.576163,A73
693,Trâm lá to,Syzygium cuminii ,14.5000375,108.5760137,A73
694,Trâm núi,Syzygium levinei,14.499765,108.576412,A74
695,Trâm núi,Syzygium levinei,14.50001,108.576411,A74
696,Trâm núi,Syzygium levinei,14.499343,108.575768,A74
697,Trâm núi,Syzygium levinei,14.499234,108.575711,A74
698,Trâm núi,Syzygium levinei,14.499704,108.576241,A74
699,Trâm núi,Syzygium levinei,14.499919,108.576157,A74
700,Trâm núi,Syzygium levinei,14.499912,108.576154,A74
701,Trâm núi,Syzygium levinei,14.500187,108.576125,A74
702,Trâm núi,Syzygium levinei,14.500187,108.576125,A74
703,Trâm núi,Syzygium levinei,14.499644,108.576088,A74
704,Trâm núi,Syzygium levinei,14.500044,108.576084,A74
705,Trâm núi,Syzygium levinei,14.4998,108.576081,A74
706,Trâm núi,Syzygium levinei,14.499764,108.576061,A74
707,Trâm núi,Syzygium levinei,14.499822,108.57604,A74
708,Trâm núi,Syzygium levinei,14.499944,108.576016,A74
709,Trâm núi,Syzygium levinei,14.500006,108.576009,A74
710,Trâm núi,Syzygium levinei,14.499739,108.575991,A74
711,Trâm núi,Syzygium levinei,14.5000048,108.5759791,A74
712,Trâm núi,Syzygium levinei,14.499366,108.575977,A74
713,Trâm núi,Syzygium levinei,14.5001153,108.5759292,A74
714,Trâm núi,Syzygium levinei,14.499798,108.575919,A74
715,Trâm núi,Syzygium levinei,14.499798,108.575919,A74
716,Trâm núi,Syzygium levinei,14.499937,108.575892,A74
717,Trâm núi,Syzygium levinei,14.499868,108.5758883,A74
718,Trâm núi,Syzygium levinei,14.499878,108.575884,A74
719,Trâm núi,Syzygium levinei,14.5000786,108.5758757,A74
720,Trâm núi,Syzygium levinei,14.499238,108.575873,A74
721,Trâm núi,Syzygium levinei,14.4995062,108.5758679,A74
722,Trâm núi,Syzygium levinei,14.5001404,108.5758248,A74
723,Trâm núi,Syzygium levinei,14.4994898,108.5758229,A74
724,Trâm núi,Syzygium levinei,14.4998871,108.5758128,A74
725,Trâm núi,Syzygium levinei,14.4994744,108.5757972,A74
726,Trâm núi,Syzygium levinei,14.499418,108.5757971,A74
727,Trâm núi,Syzygium levinei,14.4996707,108.5757728,A74
728,Trâm núi,Syzygium levinei,14.4996581,108.5757603,A74
729,Trâm núi,Syzygium levinei,14.4998833,108.575727,A74
730,Trâm núi,Syzygium levinei,14.4999635,108.5757209,A74
731,Trâm núi,Syzygium levinei,14.4994959,108.575718,A74
732,Trâm núi,Syzygium levinei,14.4994921,108.5756901,A74
733,Trâm núi,Syzygium levinei,14.4992404,108.5756895,A74
734,Trâm núi,Syzygium levinei,14.4992316,108.5756839,A74
735,Trâm núi,Syzygium levinei,14.4995967,108.5756732,A74
736,Trâm núi,Syzygium levinei,14.4994124,108.5756657,A74
737,Trâm núi,Syzygium levinei,14.4998513,108.5756509,A74
738,Trâm núi,Syzygium levinei,14.4998478,108.5756469,A74
739,Trâm núi,Syzygium levinei,14.499521,108.5756463,A74
740,Trâm núi,Syzygium levinei,14.4995419,108.575608,A74
741,Trâm núi,Syzygium levinei,14.4995419,108.575608,A74
742,Trâm núi,Syzygium levinei,14.4998711,108.5755912,A74
743,Trâm núi,Syzygium levinei,14.499838,108.5755765,A74
744,Trâm núi,Syzygium levinei,14.5001384,108.5755735,A74
745,Trâm núi,Syzygium levinei,14.499731,108.5755675,A74
746,Trâm núi,Syzygium levinei,14.5001024,108.5755643,A74
747,Trâm núi,Syzygium levinei,14.4993905,108.5755604,A74
748,Trâm núi,Syzygium levinei,14.4994169,108.5755564,A74
749,Trâm núi,Syzygium levinei,14.4995984,108.5755472,A74
750,Trâm trắng,Syzygium wightianum ,14.500009,108.576418,A75
751,Trâm trắng,Syzygium wightianum ,14.500004,108.576411,A75
752,Trâm trắng,Syzygium wightianum ,14.499997,108.576335,A75
753,Trâm trắng,Syzygium wightianum ,14.499724,108.576326,A75
754,Trâm trắng,Syzygium wightianum ,14.499403,108.576277,A75
755,Trâm trắng,Syzygium wightianum ,14.499251,108.575863,A75
756,Trâm trắng,Syzygium wightianum ,14.499359,108.575799,A75
757,Trâm trắng,Syzygium wightianum ,14.499999,108.576284,A75
758,Trâm trắng,Syzygium wightianum ,14.499614,108.576149,A75
759,Trâm trắng,Syzygium wightianum ,14.500117,108.576194,A75
760,Trâm trắng,Syzygium wightianum ,14.499692,108.576105,A75
761,Trâm trắng,Syzygium wightianum ,14.500169,108.576077,A75
762,Trâm trắng,Syzygium wightianum ,14.5000575,108.5760631,A75
763,Trâm trắng,Syzygium wightianum ,14.499831,108.576041,A75
764,Trâm trắng,Syzygium wightianum ,14.5000718,108.5760409,A75
765,Trâm trắng,Syzygium wightianum ,14.5001341,108.576033,A75
766,Trâm trắng,Syzygium wightianum ,14.499707,108.57597,A75
767,Trâm trắng,Syzygium wightianum ,14.499231,108.575963,A75
768,Trâm trắng,Syzygium wightianum ,14.49966,108.575962,A75
769,Trâm trắng,Syzygium wightianum ,14.500047,108.5759155,A75
770,Trâm trắng,Syzygium wightianum ,14.500064,108.5758669,A75
771,Trâm trắng,Syzygium wightianum ,14.4994712,108.5758585,A75
772,Trâm trắng,Syzygium wightianum ,14.4998748,108.5758243,A75
773,Trâm trắng,Syzygium wightianum ,14.4998803,108.5757816,A75
774,Trâm trắng,Syzygium wightianum ,14.4998803,108.5757816,A75
775,Trâm trắng,Syzygium wightianum ,14.4995915,108.5757771,A75
776,Trâm trắng,Syzygium wightianum ,14.500013,108.5757337,A75
777,Trâm trắng,Syzygium wightianum ,14.5000156,108.5756981,A75
778,Trâm trắng,Syzygium wightianum ,14.5000849,108.5756891,A75
779,Trâm trắng,Syzygium wightianum ,14.5000887,108.5756392,A75
780,Trâm trắng,Syzygium wightianum ,14.5001405,108.5755778,A75
781,Trâm trắng,Syzygium wightianum ,14.5001024,108.5755643,A75
782,Trâm trắng,Syzygium wightianum ,14.4993317,108.5755185,A75
783,Trâm trắng,Syzygium wightianum ,14.4998539,108.5754702,A75
784,Trâm vỏ đỏ,Syzygium zeylanicum ,14.499742,108.576223,A76
785,Trâm vỏ đỏ,Syzygium zeylanicum ,14.499456,108.576116,A76
786,Trôm,Sterculia foetida,14.4994028,108.575755,A77
787,Trơn trà,Sp5,14.500112,108.5760442,A78
788,Tỳ bà,Eriobotrya japonica,14.5000555,108.5757211,A79
789,Vàng trắng,Endospermum chinense,14.503472,108.576377,A80
790,Vàng trắng,Endospermum chinense,14.499448,108.576141,A80
791,Vàng trắng,Endospermum chinense,14.499365,108.576096,A80
792,Vàng trắng,Endospermum chinense,14.499826,108.576061,A80
793,Vàng trắng,Endospermum chinense,14.499875,108.575948,A80
794,Vàng trắng,Endospermum chinense,14.499326,108.57592,A80
795,Vàng trắng,Endospermum chinense,14.499618,108.575881,A80
796,Vạng trứng,Endospermum chinense,14.499485,108.576204,A81
797,Vĩ hùng,Stemonurus malaccensis ,14.499464,108.576311,A82
798,Xoan đào,Prunus arborea,14.499496,108.576164,A83
799,Xoan đào,Prunus arborea,14.500011,108.5757001,A83
800,Xoan đào,Prunus arborea,14.4999879,108.5756322,A83
801,Xú hương,Lasianthus Sp,14.499794,108.576102,A84
802,Xú hương,Lasianthus Sp,14.5000605,108.5760051,A84
803,Y thiếp,Sp6,14.499298,108.576417,A85